DOI,Randon # Generator, Journal Title, Journal Volume, Journal Issue, Journal Year, Journal Inclusive Pages, Article Author, Article Title,ISSN,Creation Date,Status
10.1080/15350770.2011.618374,6,Journal of Intergenerational Relationships,9,4,2011,366-373,,Montessori-Based Activities as a Transgenerational Interface for Persons With Dementia and Preschool Children.,1535-0770,42552.73476,OHSUStudent
10.1007/s13670-014-0089-2,9,Current Geriatrics Reports,3,3,2014,209-219,"Maggiore, RJ",Head and neck cancer in the older adult.,2196-7865,42893.72747,OHSUFacultyStaff
10.1007/s00405-012-2302-2,9,Eur Arch Otorhinolaryngol,270,6,2013,1849-53,Safiruddin F;Vroegop AV;Ravesloot MJ;de Vries N,Long-term self-reported treatment effects and experience of ,0937-4477,42720.56992,OHSUFacultyStaff
10.1108/IJPH-03-2013-0015,9,Int J Prison Health,9,3,2013,142-50,Elwood Martin R;Adamson S;Korchinski M;Granger-Brown A;R Ram,Incarcerated women develop a nutrition and fitness program: ,1744-9200,42768.82878,OHSUStudent
10.3109/21681805.2015.1005664,9,Scand J Urol,49,4,2015,308-12,Styrke J;Johansson M;Granåsen G;Israelsson L,Parastomal hernia after ileal conduit with a prophylactic me,2168-1805,42571.46355,OHSUStudent
,10,Nurs Leadersh Forum,8,1,2003,18-23,Johnson JE;Polatty N;Begley D,A rural state's response to the nursing shortage. Nevada's s,1076-1632,42774.98649,OHSUStudent
10.1517/14740338.2016.1132698,12,Expert Opin Drug Saf,15,3,2016,303-19,Ventura-Aguiar P;Campistol JM;Diekmann F,Safety of mTOR inhibitors in adult solid organ transplantati,1744-764X,42883.61637,OHSUFacultyStaff
10.3371/CSRP.4.2.6,13,Clin Schizophr Relat Psychoses,4,2,2010,141-4,Sopko MA;Caley CF,Chronic leukocytosis associated with clozapine treatment.,1935-1232,42629.58005,OHSUStudent
10.1016/j.jacr.2016.06.008,13,J Am Coll Radiol,13,9,2016,1069-78,Patel ND;Broderick DF;Burns J;Deshmukh TK;Fries IB;Harvey HB,ACR Appropriateness Criteria Low Back Pain.,15461440,42636.75523,OHSUFacultyStaff
10.1055/s-2000-15546,15,Facial Plast Surg,16,4,2000,361-4,Diels HJ,Facial paralysis: is there a role for a therapist?,0736-6825,42835.67848,OHSUStudent
10.1525/jer.2006.1.3.11,15,J Empir Res Hum Res Ethics,1,3,2006,11-26,Woodsong C;Macqueen K;Namey E;Sahay S;Morar N;Mlingo M;Mehen,Women's Autonomy and Informed Consent in Microbicides Clinic,1556-2646 ,42911.55385,OHSUStudent
,18,Healthcare Risk Management,36,6,2014,54-55,,Patient sitters found effective in reducing falls,1081-6534,42578.75197,OHSUStudent
,21,Biorheology,41,3-4,2004,283-98,Wiseman M;Bader DL;Reisler T;Lee DA,Passage in monolayer influences the response of chondrocytes,0006-355X,42812.67929,OHSUStudent
10.1517/14656566.2011.534983,21,Expert Opinion on Pharmacotherapy,12,,2011,615-625,Schneier,Pharmacotherapy of social anxiety disorder,14656566,42639.73486,OHSUFacultyStaff
10.2741/2844,21,Front Biosci,13,,2008,2299-310,Ohnuma K;Takahashi N;Yamochi T;Hosono O;Dang NH;Morimoto C,Role of CD26/dipeptidyl peptidase IV in human T cell activat,1093-9946,42661.12308,OHSUStudent
10.1002/ijc.29951,21,Int J Cancer,138,9,2016,2098-108,Obi N;Heinz J;Seibold P;Vrieling A;Rudolph A;Chang-Claude J;,Relationship between menopausal hormone therapy and mortalit,0020-7136,42578.53178,NonOHSU
10.1055/s-0036-1578814,22,J Reconstr Microsurg,32,5,2016,329-35,Masià J;Pons G;Rodríguez-Bauzà E,Barcelona Lymphedema Algorithm for Surgical Treatment in Bre,1098-8947,42876.82196,OHSUResidentFellow
,24,Health Prog,97,4,2016,5-8,Slutkin G,Is Violence 'Senseless'? Not According to Science. Let's Mak,0882-1577,42794.47983,NonOHSU
10.7417/CT.2014.1732,25,Clin Ter,165,4,2014,193-8,Hidayah MN;Liu CY;Joanna OS,Ketamine and tramadol for the prevention of shivering during,1972-6007,42851.51674,OHSUStudent
,26,North Carolina medical journal.,73,5,2012,381,"Dulin, Michael F",Communities matter: the relationship between neighborhoods and health.,0029-2559,42782.65265,OHSUResidentFellow
10.1016/j.biopsych.2006.03.026,27,Biol Psychiatry,60,7,2006,704-13,Rasmusson AM;Pinna G;Paliwal P;Weisman D;Gottschalk C;Charne,Decreased cerebrospinal fluid allopregnanolone levels in wom,0006-3223,42702.46344,NonOHSU
10.1080/15299732.2012.670870,27,J Trauma Dissociation,13,4,2012,469-77,Otis C;Marchand A;Courtois F,Peritraumatic dissociation as a mediator of peritraumatic di,1529-9732 ,42635.68012,OHSUFacultyStaff
10.1055/s-2004-813903,27,Rofo,177,3,2005,411-9,Schmitz SA;Schiffler S;Gust R;Winterhalter S;Coupland SE;Wol,[Characterization of an experimental venous thrombus model w,1438-9010,42908.66213,OHSUFacultyStaff
10.1076/clin.15.2.196.1892,28,Clin Neuropsychol,15,2,2001,196-202,Mast BT;Fitzgerald J;Steinberg J;MacNeill SE;Lichtenberg PA,Effective screening for Alzheimer's disease among older Afri,1385-4046,42635.52457,OHSUStudent
10.1016/0020-1383(92)90013-I,29,Injury,23,6,1992,387-9,Keogh P;Kelly C;Cashman WF;McGuinness AJ;O'Rourke SK,Percutaneous screw fixation of tibial plateau fractures.,0020-1383,42671.82921,NonOHSU
,30,Alberta journal of educational research.,60,1,2014,43,,"""But We're Already Doing It"": Ontario Teachers' Responses to Policies on Religious Inclusion and Accommodation in Public Schools",0002-4805 1923-1857,42697.55551,OHSUFacultyStaff
10.1590/S1677-5538.IBJU.2015.0607,34,Urology,75,5,2010,1079-82,Siddiqui SA;Krane LS;Bhandari A;Patel MN;Rogers CG;Stricker ,The impact of previous inguinal or abdominal surgery on outc,0090-4295,42863.76895,NonOHSU
10.1080/17415990802105572,35,Journal of Sulfur Chemistry,29,5,2008,511-519,"Rogachev, Victor","The reaction of alkynes with dimethyl sulfoxide, halogenated hydrocarbons and sulfur trioxide",1741-5993,42777.70853,OHSUFacultyStaff
10.1007/s11418-011-0572-4,37,J Nat Med,66,1,2012,241-7,Zhang XG;Han T;He ZG;Zhang QY;Zhang L;Rahman K;Qin LP,Genetic diversity of Centella asiatica in China analyzed by ,1340-3443,42732.68138,OHSUFacultyStaff
10.1063/1.4792396,37,Rev Sci Instrum,84,2,2013,025005,Zeng Z;Pertijs MA;Karabacak DM,An energy-efficient readout circuit for resonant sensors bas,0034-6748,42887.59189,OHSUResidentFellow
10.1163/1568555054937935,39,Designed Monomers and Polymers,8,5,2005,437,"Ayfer, Burcu",Synthesis and antibacterial activities of new quaternary ammonium monomers,1385772X,42578.78609,OHSUFacultyStaff
,40,journal,7,4,2003,49,,Incentive program focuses physicians on improving outcomes.,1543-6160,42903.94775,OHSUFacultyStaff
10.1080/01634372.2010.543263,40,Journal of gerontological social work.,54,3,2011,325,"Putnam, Michelle",Perceptions of difference between aging and disability service systems consumers: implications for policy initiatives to rebalance long-term care.,1540-4048,42578.86059,OHSUFacultyStaff
,41,J Am Coll Radiol,11,7,2014,657-67,Douglas AC;Wippold FJ 2nd;Broderick DF;Aiken AH;Amin-Hanjani,ACR Appropriateness Criteria Headache.,1546-1440 ,42626.48979,OHSUFacultyStaff
0.1177/136140969200600406,41,Journal of Neurologic Rehabilitation,6,4,1992,203,"Harvey, J. R.",Psychological effects of functional electrical stimulation: A review of the literature.,0888-4390,42613.65253,OHSUFacultyStaff
10.1055/s-2007-1011046,42,Rofo,170,3,1999,316-21,Schmitz SA;Hansel J;Wagner S;Kressel M;Hüningen H;Wacker F;W,[SPIO-enhanced MR angiography for the detection of venous th,1438-9029,42787.99922,OHSUFacultyStaff
10.1126/sciimmunol.aam6346,42,Science Immunology,Volume 2,Issue 10,2017,Online article,"Malik, B",Resident memory T cells in the skin mediate durable immunity to melanoma, 2470-9468,42860.85242,OHSUFacultyStaff
10.3168/jds.2009-2799,43,J Dairy Sci,94,1,2011,59-65,O'Donnell-Megaro AM;Barbano DM;Bauman DE,Survey of the fatty acid composition of retail milk in the U,0022-0302,42775.74454,OHSUStudent
10.1080/01634372.2013.859201,43,J Gerontol Soc Work,57,6-7,2014,640-61,Samia LW;Aboueissa AM;Halloran J;Hepburn K,The Maine Savvy Caregiver Project: translating an evidence-b,0163-4372,42627.85771,OHSUStudent
10.4338/ACI-2015-10-RA-0128,44,Applied Clinical Informatics,Volume 7,Issue 2,2016,227-237,Whalen K,Analysis of Nursing Clinical Decision Support Requests and Strategic Plan in a Large Academic Health System,1869-0327,42576.50273,OHSUStudent
10.1007/s10548-011-0170-5,44,Brain Topogr,24,3-4,2011,316-22,Foy CM;Daly EM;Glover A;O'Gorman R;Simmons A;Murphy DG;Loves,Hippocampal proton MR spectroscopy in early Alzheimer's dise,0896-0267,42699.90892,OHSUFacultyStaff
10.1007/s11019-013-9510-4,45,Med Health Care Philos,17,2,2014,301-11,Halpern J,From idealized clinical empathy to empathic communication in,1386-7423,42599.54311,OHSUFacultyStaff
10.1098/rstb.1992.0070,45,Philos Trans R Soc Lond B Biol Sci,336,1278,1992,367-73,Rosen S,"Temporal information in speech: acoustic, auditory and lingu",0264-3839,42900.55955,OHSUFacultyStaff
10.1057/sth.2013.1,45,Social Theory & Health ,11,2,2013,151-74,"Stone, Sharon-Dale ",Going through the back door: Chronically ill academics' experiences as 'unexpected workers.',1477-8211,42733.95255,OHSUFacultyStaff
10.1016/j.urology.2014.08.060,45,Urology,85,2,2015,388-92,Thomas AA;Wallner LP;Quinn VP;Slezak J;Van Den Eeden SK;Chie,Association between cannabis use and the risk of bladder can,0090-4295,42611.54684,NonOHSU
,46,Russian Chemical Bulletin,53,10,2004,2281-2284,"I. M. Ganiev, E. S. Ganieva, N. N. Kabal’nova",Oxidation of phenols with chlorine dioxide,1066-5285,42579.76711,OHSUFacultyStaff
10.1016/j.jagp.2012.12.011,47,Am J Geriatr Psychiatry,21,3,2013,231-41,Mueller DR;Schmidt SJ;Roder V,Integrated psychological therapy: effectiveness in schizophr,1064-7481,42573.70878,OHSUFacultyStaff
10.1007/s11096-015-0166-4,47,Int J Clin Pharm,37,6,2015,1004-8,Urru SA;Pasina L;Minghetti P;Giua C,Role of community pharmacists in the detection of potentiall,2210-7703,42850.72863,OHSUFacultyStaff
10.1007/s00737-016-0698-1,48,Arch Womens Ment Health,20,1,2017,209-220,Chae SY;Chae MH;Kandula S;Winter RO,Promoting improved social support and quality of life with t,1434-1816,42816.60664,OHSUFacultyStaff
10.1007/s00423-014-1242-2,48,Langenbecks Arch Surg,399,7,201410,801-10,Malleo G;Pulvirenti A;Marchegiani G;Butturini G;Salvia R;Bas,Diagnosis and management of postoperative pancreatic fistula,1435-2443,42665.76207,OHSUStudent
0.1080/17512433.2016.1242067,49,Expert Rev Clin Pharmacol,9,12,2016,1619-1631,Aronow WS,Current treatment of heart failure with reduction of left ve,1751-2433,42782.76785,OHSUFacultyStaff
,50,Cell Mol Biol (Noisy-le-grand),62,6,2016,27-32,Asanuma K;Yoshikawa T;Yoshida K;Okamoto T;Asanuma Y;Hayashi ,Argatroban more effectively inhibits the thrombin activity i,1165-158X,42821.55554,OHSUFacultyStaff
,51,Acta Orthop Belg,75,2,2009,262-4,Leijnen M;Steenvoorde P;Da Costa A;Adhin S,Isolated apophyseal avulsion of the coracoid process: case r,0001-6462,42731.35049,OHSUFacultyStaff
10.1080/17425255.2016.1248403,51,Expert Opin Drug Metab Toxicol,11,3,2015,427-35,Raffe S;Fisher M,"The pharmacokinetics, pharmacodynamics and clinical efficacy",1742-5255 ,42877.51615,OHSUFacultyStaff
10.1002/micr.1920010407,51,J Microsurg,1,4,1980,288-99,Barraquer JI,The history of the microscope in ocular surgery.,0738-1085,42632.52619,OHSUFacultyStaff
10.1891/1078-4535.22.4.276,53,Creative Nursing,22,4,2016,276-282,"Glad-Timmons, Jenni; Potter, Teddie",Communication With Patients and Families as a Global Determinant of Health: Lessons From Care of Children With Special Health Care Needs.,1078-4535,42750.71631,OHSUFacultyStaff
10.1080/01496395.2015.1014052,54,Separation Science and Technology,50,(12):,2015,1748-1756,"Statham, T. M., K. A. Mumford, and G. W. Stevens",Removal of copper and zinc from ground water by granular zero-valent iron: A study of kinetics,0149-6395 ,42809.58156,OHSUFacultyStaff
10.1097/JSA.0000000000000091,57,Sports Med Arthrosc,23,4,2015,174-9,Kowalczuk M;Yeung M;Simunovic N;Ayeni OR,Does Femoroacetabular Impingement Contribute to the Developm,1062-8592,42669.77965,NonOHSU
10.1002/adhm.201400571,58,Adv Healthc Mater,4,4,2015,577-84,Wang Y;Mithieux SM;Kong Y;Wang XQ;Chong C;Fathi A;Dehghani F,Tropoelastin incorporation into a dermal regeneration templa,2192-2640 ,42606.78909,OHSUFacultyStaff
10.1108/01604950510608267,58,Collection building.,24,3,2005,92,,Collection evaluation: a foundation for collection development.,0160-4953,42584.54965,OHSUFacultyStaff
10.3233/WOR-162477,59,Work,56,1,2017,165-173,Agarwal N;Kumar V,An invisible student population: Accommodating and serving c,1051-9815,42844.50949,OHSUFacultyStaff
,61,Encephale,36,SUPPL. 2,2010,D32,"Thomas, A",Revue de mortalité-morbidité en psychiatrie : « suicide ou tentatives de suicide »,0013-7006,42806.5923,OHSUStudent
,62,Curr Urol Rep,12,3,2011,229-36,Duffey B;Varda B;Konety B,Quality of evidence to compare outcomes of open and robot-as,1527-2737,42863.76885,NonOHSU
,64,Québec pharmacie.,42,,1995,256-258,"Dandonneau J, Malouin A","Lorsque les préparations intraveineuses
empruntent la voie orale",0048-6280,42838.72301,OHSUFacultyStaff
,67,Pathol Res Pract,187,8,1991,943-9,Trouillas J;Sassolas G;Loras B;Velkeniers B;Raccurt M;Chotar,Somatotropic adenomas without acromegaly.,0344-0338,42845.74072,OHSUResidentFellow
10.2174/1381612811319340007,68,Curr Pharm Des,19,34,2013,6133-40,Dabas D;Shegog RM;Ziegler GR;Lambert JD,Avocado (Persea americana) seed as a source of bioactive phy,1873-4286,42862.59366,OHSUFacultyStaff
jsc.2015.10.4.271,69,J Stem Cells,10,4,2015,271-85,Safari M;Khoshnevisan A,Cancer Stem Cells and Chemoresistance in Glioblastoma Multif,1556-8539 ,42564.71334,OHSUFacultyStaff
10.7748/ldp.18.6.26.e1647,70,Learning disability practice.,18,6,2015,26,,Breastfeeding of newborns with Down's syndrome.,1465-8712,42843.52154,OHSUFacultyStaff
0.1684/ejd.2014.2291,72,Eur J Dermatol,24,2,2014,229-35,Torres T;Machado S;Mendonça D;Selores M,Cardiovascular comorbidities in childhood psoriasis.,1952-4013,42683.90097,OHSUStudent
,72,The humanistic psychologist,19,1,1991,10-29,,Complex knowing: Toward a psychological hermeneutics.,0887-3267,42809.014,OHSUFacultyStaff
10.1177/0954411912468638,74,Proc Inst Mech Eng H,227,3,2013,310-6,Pourmohammadali H;Chandrashekar N;Medley JB,Hydromechanical stimulator for chondrocyte-seeded constructs,0954-4119,42812.62997,OHSUStudent
,74,The rise of atmospheric oxygen and the evolution of the sulfur and nitrogen cycles on the Archean and Paleoproterozoic Earth.,Ch 4,,2006,97-135,papineau,Introduction to Nitrogen Geochemistry,9780542552359 ,42613.58444,OHSUStudent
,76,Vet Rec,93,26,1973,662-4,Pinto MR;Jainudeen MR;Panabokke RG,Tuberculosis in a domesticated Asiatic elephant Elephas maxi,0042-4900,42880.57753,NonOHSU
,77,Revue de chirurgie ,23,,1901,"208-27, 360-79, 479-50","Le Fort, R. ","Etude expérimental sur les fractures de la machoir supérieure. (Parts I,II, III)",2021-8036,42706.70606,OHSUStudent
10.1080/19488300.2014.911786,79,IIE Transactions on Healthcare Systems Engineering,4,2,2014,88,"Cure, Laila",Challenges and opportunities in the analysis of risk in healthcare,1948-8300,42745.5324,OHSUStudent
10.1016/S0165-0327(98)00169-4,80,J Affect Disord,54,1-2,1999,129-37,Scott LV;Salahuddin F;Cooney J;Svec F;Dinan TG,Differences in adrenal steroid profile in chronic fatigue sy,0165-0327,42702.46356,NonOHSU
10.1055/s-2007-1011046,81,Rofo,170,3,1999,316-21,Schmitz SA;Hansel J;Wagner S;Kressel M;Hüningen H;Wacker F;W,[SPIO-enhanced MR angiography for the detection of venous th,1438-9010,42908.66148,OHSUFacultyStaff
10.2174/1389450111314030005,84,Curr Drug Targets,14,3,2013,335-43,Castro MM;Tanus-Santos JE,Inhibition of matrix metalloproteinases (MMPs) as a potentia,1873-5592,42640.38679,OHSUFacultyStaff
,84,J Med Assoc Ga,89,4,2000,18,Silverman ME,Long distance diagnosis.,0025-7028,42814.77715,OHSUFacultyStaff
10.1016/j.chemosphere.2014.10.030,85,Chemosphere,120,,2015,697-705,Gallagher SS;Rice GE;Scarano LJ;Teuschler LK;Bollweg G;Marti,Cumulative risk assessment lessons learned: a review of case,0045-6535,42607.84236,NonOHSU
,85,Dent Clin North Am,42,1,1998,1-34,Cronin RJ Jr;Oesterle LJ,Implant use in growing patients. Treatment planning concerns,0011-8532,42655.50403,OHSUStudent
,86,Clin Exp Rheumatol,32,4,2014,451-4,Varenna M;Adami S;Sinigaglia L,Bisphosphonates in Complex Regional Pain syndrome type I: ho,0392-856X,42628.71725,OHSUFacultyStaff
10.1002/ca.22781,89,Clin Anat,,,2016,,Oakes P;Loukas M;Oskouian RJ;Tubbs RS,The Neuroanatomy of Depression: A Review.,0897-3806,42621.6287,NonOHSU
10.1034/j.1600-0501.,89,Clin Oral Implants Res,2,2,1991,81-90,Berglundh T;Lindhe J;Ericsson I;Marinello CP;Liljenberg B;Th,The soft tissue barrier at implants and teeth.,0905-7161,42625.80567,OHSUFacultyStaff
,89,J Palliat Care,25,2,2009,100-8,Downey L;Diehr P;Standish LJ;Patrick DL;Kozak L;Fisher D;Con,"Might massage or guided meditation provide ""means to a bette",0825-8597,42577.0527,OHSUStudent
,91,Current Obstetrics and Gynecology Reports,5,1,2016,55-63,"Christine Dehlendorf, Edith Fox, Lauren Sobel, Sonya Borrero",Patient-Centered Contraceptive Counseling: Evidence to Inform Practice,2161-3303,42688.65064,OHSUFacultyStaff
,93,Med Bull U S Army Mediterr Theater Oper,2,,1944,142-9,TUTTLE WM;LANGSTON HT;CROWLEY RT,The treatment of intrathoracic wounds.,0196-5336,42842.5572,OHSUFacultyStaff
10.1179/jmt.1994.2.3.94,96,Journal of Manual and Manipulative Therapy,2,3,1994,94-101,"Grimsby, Ola",Scientific Therapeutic Exercise Progression: Upper Extremity and Lower extremity,1066-9817,42566.57176,OHSUFacultyStaff
10.1002/mrm.1910340207,96,Magn Reson Med,34,2,1995,170-8,Pipe JG;Duerk JL,Analytical resolution and noise characteristics of linearly ,0740-3194 ,42724.79935,OHSUFacultyStaff
10.1126/sciimmunol.aan8155,96,Science Immunology,Volume 2,Issue 12,2017,-,"Griffin, Gabriel",PD-1 blockade: It’s what’s for dinner,2470-9468,42889.00417,OHSUFacultyStaff
,96,Semin Respir Crit Care Med,34,1,2013,44-59,Daley CL;Caminero JA,Management of multidrug resistant tuberculosis.,1069-3424 ,42853.95339,OHSUFacultyStaff
,97,Zentralbl Gynakol,115,10,1993,446-9,Contreras Ortiz O;Lombardo RJ;Pellicari A,Non-invasive diagnosis of bladder instability using the Blad,0044-4197,42871.76134,OHSUFacultyStaff
10.1080/13543776.2016.1193157,98,Expert Opin Ther Pat,26,7,2016,843-56,Morales P;Hernandez-Folgado L;Goya P;Jagerovic N,Cannabinoid receptor 2 (CB2) agonists and antagonists: a pat,1744-7674,42761.60575,OHSUFacultyStaff
10.1016/S1470-2045(15)70124-5,98,Lancet Oncol,16,5,2015,583-94,Machiels JP;Haddad RI;Fayette J;Licitra LF;Tahara M;Vermorke,Afatinib versus methotrexate as second-line treatment in pat,1470-2045,42597.75275,NonOHSU
10.1016/j.jagp.2013.04.014,100,Am J Geriatr Psychiatry,22,12,2014,1418-26,Diefenbach GJ;Bragdon LB;Blank K,Geriatric anxiety inventory: factor structure and associatio,1064-7481,42558.53341,OHSUFacultyStaff
10.12968/jpar.2014.6.4.200,101,Journal of Paramedic Practice,6,4,2014,200-201,"Mowat, J",Shock horror! How accurate is the PHTLS classification of hypovolaemic shock on scene?,1759-1376,42815.62571,OHSUFacultyStaff
10.1353/pbm.0.0145,101,Perspectives in biology and medicine.,53,1,2010,87,"Kinghorn, Warren A",Medical education as moral formation: an Aristotelian account of medical professionalsim.,0031-5982,42674.00819,OHSUFacultyStaff
10.1055/s-0032-1333271,102,Handchir Mikrochir Plast Chir,45,4,2013,217-22,Sinove Y;Kyriopoulos E;Ceulemans P;Houtmeyers P;Hoebeke P;Mo,Preoperative planning of a pedicled anterolateral thigh (ALT,0722-1819 ,42578.52001,OHSUResidentFellow
,102,Toxicol Rev,23,3,2004,135-43,Bateman DN,Digoxin-specific antibody fragments: how much and when?,1176-2551,42737.45797,OHSUResidentFellow
10.1108/JHOM-12-2014-0216,103,J Health Organ Manag,30,2,2016,279-98,Pors AS,Constructions of the patient in healthcare communications: s,1477-7266,42667.55073,OHSUStudent
10.4158/EP.7.5.358,104,Clin Hemorheol Microcirc,51,1,2012,77-86,Cheung AT;Hu BS;Wong SA;Chow J;Chan MS;To WJ;Li J;Ramanujam ,Microvascular abnormalities in the bulbar conjunctiva of con,1386-0291,42580.62266,OHSUFacultyStaff
,104,J Am Paraplegia Soc,7,4,1984,71-3,Frisbie JH;Tun CG,Drinking and spinal cord injury.,0195-2307,42613.65905,OHSUFacultyStaff
10.1039/b813853m,105,Chem Soc Rev,38,9,2009,2509-19,Seddon AM;Casey D;Law RV;Gee A;Templer RH;Ces O,Drug interactions with lipid membranes.,0306-0012,42711.51741,OHSUFacultyStaff
10.1055/s-0035-1551835,105,J Knee Surg,29,3,2016,254-9,Ho JC;Stitzlein RN;Green CJ;Stoner T;Froimson MI,Return to Sports Activity following UKA and TKA.,1938-2480,42803.96392,OHSUFacultyStaff
,106,SADJ,58,8,2003,325-30,Du Tolt DF;Nortjé C,The maxillae: integrated and applied anatomy relevant to den,1029-4864,42655.5027,OHSUStudent
10.1080/03670240802575493,107,Ecol Food Nutr,48,1,2009,39-58,Dodson JL;Hsiao YC;Kasat-Shors M;Murray L;Nguyen NK;Richards,Formative research for a healthy diet intervention among inn,1543-5237,42808.60472,OHSUFacultyStaff
10.5301/jva.5000525,107,J Vasc Access,17 Suppl 1,,2016,S16-22,Voorzaat BM;van Schaik J;Siebelink HM;Tordoir JH;Rotmans JI,The pros and cons of preserving a functioning arteriovenous ,1724-6032,42818.6335,OHSUResidentFellow
,108,Anaesth Intensive Care,19,3,1991,393-9,Paech MJ,"The King Edward Memorial Hospital 1,000 mother survey of met",0310-057X,42865.44834,OHSUFacultyStaff
10.1016/S2213-8587(16)30193-0,109,Lancet Diabetes & Endocrinology,4,11,2016,893-902,"van Beers, C. A.","Continuous glucose monitoring for patients with type 1 diabetes and impaired awareness of hypoglycemia (IN CONTROL): A randomised, open-label, crossover trial",,42748.54837,OHSUFacultyStaff
10.1038/nrdp.2015.4,111,Nat Rev Dis Primers,1,,2015,15004,Davis SR;Lambrinoudaki I;Lumsden M;Mishra GD;Pal L;Rees M;Sa,Menopause.,2056-676X,42643.55384,NonOHSU
10.1007/s00280-015-2854-0,112,Cancer Chemother Pharmacol,76,4,2015,829-34,Tian J;Shang M;Shi SB;Han Y;Xu J,Cetuximab plus pemetrexed as second-line therapy for fluorou,0344-5704,42564.72336,NonOHSU
10.2174/1574886309666140922095844,112,"Nanotherapeutics, Inc.",10,2,2015,159,"Kraus, Carl N",Clinical implications of patient-provider agreements in opioid prescribing.,2212-3911,42760.53718,OHSUStudent
10.1002/jbmr.5650061104,113,J Bone Miner Res,6,11,1991,1161-5,Luong KV;Green J;Kleeman CR;Yamaguchi DT,Voltage-dependent phosphate transport in osteoblast-like cel,0884-0431,42895.50111,OHSUFacultyStaff
10.2340/16501977-2110,113,J Rehabil Med,48,7,2016,583-8,Nooijen CF;Stam HJ;Schoenmakers I;Sluis TA;Post MW;Twisk JW;,Working mechanisms of a behavioural intervention promoting p,1650-1977,42635.67888,OHSUFacultyStaff
10.1089/pop.2016.0075,113,Population Health Management,epub,,2017,,"Kim, H. ",Comparing Emergency Department Use Among Medicaid and Commercial Patients Using All-Payer All-Claims Data,,42762.79286,OHSUStudent
,115,Clin Oral Implants Res,5,4,1994,191-201,Lang NP;Wetzel AC;Stich H;Caffesse RG,Histologic probe penetration in healthy and inflamed peri-im,0905-7161,42757.82659,OHSUStudent
10.1126/sciimmunol.aan8156,117,Science Immunology,Volume 2,Issue 12,2017,-,"Lichtman, A",Tumor immune landscape paintings from the CyTOF period,2470-9468 ,42889.0091,OHSUFacultyStaff
10.1542/hpeds.2016-0131,119,Hospital Pediatrics,7,5,2017,249,"Sochet, Anthony Alexander",Oral Nutrition in Children With Bronchiolitis on High-Flow Nasal Cannula Is Well Tolerated.,2154-1663,42863.75047,OHSUFacultyStaff
10.1055/s-2007-965110,119,Int J Sports Med,29,1,2008,81-5,Spataro A;Pelliccia A;Rizzo M;Biffi A;Masazza G;Pigozzi F,The natural course of bicuspid aortic valve in athletes.,0172-4622,42830.59032,OHSUStudent
10.1016/j.cvex.2011.03.008,119,Vet Clin North Am Exot Anim Pract,14,2,2011,"339-55,",Yarto-Jaramillo E,"Respiratory system anatomy, physiology, and disease: Guinea ",1558-4232,42681.54804,OHSUStudent
10.1007/s00540-016-2233-y,120,J Anesth,30,6,2016,1020-1030,Ohashi Y;Baghirzada L;Sumikura H;Balki M,Remifentanil for labor analgesia: a comprehensive review.,0913-8668,42836.43648,OHSUFacultyStaff
,121,Macromolecular Research,21,4,2013,427-434,Vazifehasl,Synthesis and characterization of novel diglycidyl methacrylate-based macromonomers on isosorbide for dental composites,1598-5032,42625.57307,OHSUFacultyStaff
10.1007/978-3-540-85772-3_2,121,Recent Results Cancer Res,183,,2011,25-35,Becker N,Epidemiology of multiple myeloma.,0080-0015,42766.86608,OHSUFacultyStaff
10.1891/1078-4535.22.3.176,122,Creative nursing.,22,3,2016,176,,"Servant Leadership, Emotional Intelligence: Essential for Baccalaureate Nursing Students.",1078-4535,42676.79396,OHSUStudent
,123,Arch Gynecol Obstet,265,2,2001,57-9,Suzuki S;Kaneko K;Shin S;Araki T,Incidence of intrauterine complications in monoamniotic twin,0932-0067,42872.89698,OHSUStudent
10.1159/000274492,123,Respiration,80,1,2010,38-58,Sakr L;Dutau H,Massive hemoptysis: an update on the role of bronchoscopy in,1423-0356,42600.6091,OHSUFacultyStaff
,125,Caring,18,8,1999,"20-2,",Kinsella A,Disabled populations & telerehabilitation--new approache,0738-467X ,42814.78778,OHSUFacultyStaff
,126,Eur Arch Otorhinolaryngol,274,1,2017,561-566,Chang TS;Chiang RP,Total analysis of clinical factors for surgical success of a,0937-4477,42892.60674,OHSUFacultyStaff
10.1177/089826439100300210,127,Journal of aging and health.,3,2,1991,285,"Fried, Linda P",Preclinical Disability,0898-2643,42854.6075,OHSUFacultyStaff
,128,The Oxford Handbook of the economics of poverty,50,07,2013,50-3966, Lisa Barrow and Diane Whitmore Schanzenbach,"""Education and the Poor""",9780195393781 ,42899.89067,OHSUFacultyStaff
,130,J Heart Valve Dis,2,1,1993,114-8,Roger VL;Tajik AJ,Progression of aortic stenosis in adults: new insights provi,0966-8519,42709.75497,OHSUFacultyStaff
10.1016/j.jogc.2016.01.002,130,J Obstet Gynaecol Can,38,4,2016,366-89,Costescu D;Guilbert E;Bernardin J;Black A;Dunn S;Fitzsimmons,Medical Abortion.,1701 2163,42639.82451,OHSUFacultyStaff
10.1016/j.amjmed.2015.04.041,133,Am J Med,128,10,2015,1054-8,Tavel ME,Somatic symptom disorders without known physical causes: one,0002-9343,42611.61153,NonOHSU
10.1089/thy.2016.0322,133,Thyroid,,,2016,,Bath SC;Pop VJ;Furmidge-Owen VL;Broeren M;Rayman MP,Thyroglobulin as a functional biomarker of iodine status in ,1050-7256,42685.68222,NonOHSU
,134,Skin (Los Angeles),1,,1962,81-7,KLEIN E;MILGROM H;HELM F;AMBRUS J;TRAENKEL HL;STOLL HS,Tumors of the skin: effects of local use of cytostatic agent,0560-2076,42775.08508,OHSUStudent
,135,Ann Surg Oncol,22,9,2015,2839-45,Jakob J;Simeonova A;Kasper B;Ronellenfitsch U;Wenz F;Hohenbe,Combined radiation therapy and sunitinib for preoperative tr,1068-9265,42641.73729,NonOHSU
,136,Theor Med Bioeth,23,4-5,2002,339-58,Phillips J,Managed care's reconstruction of human existence: the triump,1386-7415,42692.44111,OHSUFacultyStaff
10.1007/s13277-015-4601-x,136,Tumour Biology,37,6,2016,7357–7370,"Gou, H. et al. ","The prevalence and clinical profiles of FLT3-ITD, FLT3-TKD, NPM1, C-KIT, DNMT3A, and CEBPA mutations in a cohort of patients with de novo acute myeloid leukemia from southwest China",1423-0380,42713.60735,OHSUStudent
10.1080/09297049.2015.1049941,138,Child Neuropsychol,22,5,2016,509-36,Olson K;Sands SA,Cognitive training programs for childhood cancer patients an,0929-7049,42674.66804,OHSUResidentFellow
,138,Pediatr Surg Int,28,6,2012,609-14,Peroni E;Angiolini MR;Vigone MC;Mari G;Chiumello G;Beretta E,Surgical management of pediatric Graves' disease: an effecti,0179-0358,42893.61455,NonOHSU
10.1089/153056203763317657,138,Telemed Today,6,4,1998,16-20,Wheeler T,Telemedicine and special needs children.,1078-0351,42814.77162,OHSUFacultyStaff
10.3109/14992027.2016.1143980,140,Int J Audiol,55,5,2016,273-8,Campbell KC;Martin SM;Meech RP;Hargrove TL;Verhulst SJ;Fox D,D-methionine (D-met) significantly reduces kanamycin-induced,1499-2027,42556.79426,OHSUStudent
,141,Br J Psychiatry Suppl,,24,1994,96-102,Zhang M;Wang M;Li J;Phillips MR,Randomised-control trial of family intervention for 78 first,0007-1250,42562.78958,OHSUFacultyStaff
,141,Ginekol Pol,82,12,2011,905-10,Krajewska-Kułak E;Chilicka M;Kułak W;Adraniotis J;Chadzopulu,Assessment of physician-patient trust in the obstetrics and ,0017-0011,42744.65333,OHSUStudent
10.1684/ejd.2012.1854,145,Eur J Dermatol,22,6,2012,781-4,Fischer-Stabauer M;Boehner A;Eyerich S;Carbone T;Traidl-Hoff,Differential in situ expression of IL-17 in skin diseases.,1952-4013,42607.70008,OHSUFacultyStaff
10.1007/s12012-015-9350-y,146,Cardiovasc Toxicol,16,4,2016,381-9,Sliman S;Waalen J;Shaw D,Methamphetamine-Associated Congestive Heart Failure: Increas,1559-0259,42724.59065,OHSUFacultyStaff
,148,Journal of the Electrochemical Society.,111 (12),,1964,1392-1400,,Journal of the Electrochemical society,0013-4651,42687.83735,OHSUStudent
10.1353/nib.2013.0039,148,Narrative inquiry in bioethics,3,2,2013,89-eoa,"Rushton, Cynda Hylton",Many Faces of Moral Distress Among Clinicians: Introduction,2157-1740,42608.42752,OHSUStudent
,150,J Assoc Physicians India,61,2,2013,"114-6,",Dasbiswas A;Rao MS;Babu PR;Vijayvergiya R;Nayak R;Dani S;Tya,A comparative evaluation of prasugrel and clopidogrel in pat,0004-5772,42846.59513,OHSUFacultyStaff
,153,Ann Intern Med,93,5,1980,707-9,Morley JE;Shafer RB;Elson MK;Slag MF;Raleigh MJ;Brammer GL;Y,Amphetamine-induced hyperthyroxinemia.,1056-8751,42645.596,OHSUResidentFellow
,154,European Journal of Anaesthesiology. Supplement. ,9,,1994,78-81,"Cornet, JP",Evaluation of the effects of rocuronium bromide on haemodynamics and left ventricular function in patients undergoing abdominal aortic surgery,,42748.76009,OHSUFacultyStaff
,154,Indian J Pediatr,67,8,2000,601-4,Thanemozhi G;Santhiya ST;Chandra N;Palka G;Jayam S;Gopinath ,Trisomy 4p and partial monosomy 18q due to paternal transloc,0019-5456 ,42800.55015,OHSUFacultyStaff
10.1159/000381997,156,Nestle Nutr Inst Workshop Ser,82,,2015,1-16,Meier RF;Forbes A,Basics in Clinical Medical Nutrition.,1664-2155,42668.80677,OHSUFacultyStaff
,156,Perkin 1 : an international journal of organic and bio-organic chemistry.,8,,2000,1195-1198,,Hydrogenphosphonate synthesis of sugar phosphomonoesters,1195-1198,42668.56661,OHSUFacultyStaff
,162,Prescrire International,23,153,2014,234-235,,Iixisenatide. Wait for conclusive results on complications of diabetes.,1167-7422,42895.63464,OHSUFacultyStaff
,164,Br J Clin Psychol,33 , Pt 2)(,1994,221-30,Craig AR;Hancock KM;Dickson HG,Spinal cord injury: a search for determinants of depression ,0144-6657,42613.64502,OHSUFacultyStaff
,164,Current Pediatrics Reports,3,2,2015,137–145,"Freyer, D.R. & Seibel, N.L.",The Clinical Trials Gap for Adolescents and Young Adults with Cancer: Recent Progress and Conceptual Framework for Continued Research,2167-4841,42755.54779,OHSUFacultyStaff
,165,Journal of AHIMA /,78,7,2007,56,,Anticipating the EHR. A coding department gets ahead of the curve with workflow analysis.,1060-5487,42675.03479,OHSUStudent
,165,Telemed Today,7,6,1999,27-30,Swartz D,Remote access: the last mile is getting shorter.,1078-0351 ,42814.76777,OHSUFacultyStaff
,166,International Encyclopedia of the Social & Behavioral Sciences (Second Edition),n/a,,2015,Pages 695–702,"Fixsen, D",Implementation Science,9780080970875,42628.53907,OHSUFacultyStaff
10.1080/01634370802561968,166,J Gerontol Soc Work,52,2,2009,154-70,Golden MA;Lund DA,Identifying themes regarding the benefits and limitations of,0163-4372,42876.51567,OHSUStudent
,167,Acta medicinae legalis et socialis,34,,1984,190-2,Knight B,The dating of pulmonary emboli.,0065-1397,42754.8273,NonOHSU
,167,Oreg Nurse,44,5,1979,"10-1,",Julian D;Mischke K,Nursing and mental retardation: an Oregon perspective 1900-1,0030-4751,42809.51606,OHSUStudent
10.7748/phc.2016.e1139,167,Primary health care.,26,9,2016,28,,The experiences of women with learning disabilities on contraception choice.,0264-5033,42862.84972,OHSUFacultyStaff
10.1080/13552600.2014.901430,168,Journal of sexual aggression.,21,1,2015,71-85,"Duwe, G",What has worked and what has not with Minnesota sex offenders: a review of the evidence.,1355-2600,42571.74701,OHSUFacultyStaff
,170,Australian psychologist,27,1,1992,43-47,Crisp,The long-term adjustment of 60 persons with spinal cord injury,0005-0067,42681.723,OHSUFacultyStaff
10.1016/S2213-8587(15)00298-3,172,Lancet Diabetes Endocrinol,3,12,2015,948-57,Becker C;Lord SR;Studenski SA;Warden SJ;Fielding RA;Recknor ,Myostatin antibody (LY2495655) in older weak fallers: a proo,2213-8587,42695.50204,OHSUFacultyStaff
10.1007/s11655-007-0264-9,177,Chin J Integr Med,13,4,2007,264-8,Yuan Q;Li JN;Liu B;Wu ZF;Jin R,"Effect of Jin-3-needling therapy on plasma corticosteroid, a",1672-0415,42851.92675,OHSUStudent
,177,Prehospital and disaster medicine.,11,4,1996-12,285-290,"Brown, Lawrence H",Does Basic life Support in a Rural EMS System Influence the Outcome of Patients with Respiratory Distress?,1049-023X,42776.6342,OHSUFacultyStaff
,181,Curr Alzheimer Res,11,2,2014,192-9,Moretti DV;Paternicò D;Binetti G;Zanetti O;Frisoni GB,EEG upper/low alpha frequency power ratio and the impulsive ,1875-5828,42564.79697,OHSUStudent
10.12788/j.sder.2016.003,181,Semin Cutan Med Surg,35,1,2016,18-24,Menge TD;Pellacani G,Advances in noninvasive imaging of melanoma.,1085-5629,42621.62002,OHSUFacultyStaff
,182,Arch Gynecol Obstet,282,6,2013,613-6,Kerimoğlu OS;Yalvaç S;Karcaaltıncaba D;Kandemir O;Altınbaş S,Early post-partum diabetes mellitus screening rates in patie,0932-0067 ,42789.65644,OHSUFacultyStaff
,182,Quarterly Journal of Nucearl Medicine and Molecular Imaging,52,4,2003,323-33,,Octreo-SPECT/CT imaging for accurate detection and localization of suspected neuroendocrine tumors,,42727.54417,OHSUFacultyStaff
10.1310/hct1405-183,183,Int J STD AIDS,23,3,2012,e18-22,Blick G;Greiger-Zanlungo P;Gretz S;Han J;Dupree D;Garton T;Y,Long-term efficacy and safety of once-daily fosamprenavir 14,1758-1052,42877.53735,OHSUFacultyStaff
10.1055/s-0034-1378862,183,Synthesis.,47(19),,2015,2945-2956,"Aoyama, Tadashi","Simple Method for sp2-sp3 and sp3-sp3 Carbon-Carbon Bond Activation in 2-Substituted 1,3-Diketones",0039-7881 ,42739.73983,OHSUFacultyStaff
10.1016/j.nic.2008.02.001,184,Neuroimaging Clin N Am,18,2,2008,"321-46,",Swartz JD,Pathology of the vestibulocochlear nerve.,1052-5149 ,42651.581,OHSUResidentFellow
,184,Neurourol Urodyn,14,2,1995,131-9,Uebersax JS;Wyman JF;Shumaker SA;McClish DK;Fantl JA,Short forms to assess life quality and symptom distress for ,0733-2467,42872.73191,OHSUResidentFellow
,188,Emergency medical services.,22,11,1993,53,"Schoen, S.",Heroin overdose... a little naloxone goes a long way.,0094-6575,42655.75728,OHSUFacultyStaff
,188,Surg Gynecol Obstet,127,3,1968,528-30,Agüero O;Kizer S,Obstetric prognosis of the repair of uterine rupture.,0039-6087,42911.64166,OHSUStudent
10.1016/S2213-8587(16)30085-7,189,The Lancet Diabetes & Endocrinology,4,8,2016,666,"Estruch, Ramon",Effect of a high-fat Mediterranean diet on bodyweight and waist circumference: a prespecified secondary outcomes analysis of the PREDIMED randomised controlled trial,22138587,42578.82765,OHSUFacultyStaff
,190,Cleve Clin J Med,74,3,2007,217-24,Gardella C;Brown ZA,Managing genital herpes infections in pregnancy.,0891-1150,42725.65992,NonOHSU
,190,Methods Find Exp Clin Pharmacol,20,3,1998,227-35,Nishimura T;Takeda M;Nakamura Y;Yosbida Y;Arai H;Sasaki H;Sh,Basic and clinical studies on the measurement of tau protein,0379-0355,42874.57137,OHSUFacultyStaff
,190,Nature Reviews diesase primers,article number 16080,october,2016,online,,Mitochondrial diseases,2056-676X,42777.57964,OHSUFacultyStaff
10.1007/s11886-017-0818-1,192,Current cardiology reports,19,1,2017,7,"Khavandi, M.",Treatment of Dyslipidemias to Prevent Cardiovascular Disease in Patients with Type 2 Diabetes,1523-3782 ,42796.74003,OHSUFacultyStaff
10.1126/sciimmunol.aai8371,192,Science Immunology,"Vol. 2, Issue 8",,2017,not sure (unclear online TOC),,IL-22 controls iron-dependent nutritional immunity against systemic bacterial infections,2470-9468 ,42789.70573,OHSUResidentFellow
10.1521/pedi.2012.26.6.919,195,Journal of personality disorders.,26,6,2012,919-26,"Triebwasser, Joseph",Schizoid personality disorder., 0885-579X,42713.59911,OHSUFacultyStaff
10.1016/S2213-8587(17)30092-X,195,The Lancet Diabetes & Endocrinology,5,5,2017,341-354,"Ahren, B.","Efficacy and safety of once-weekly semaglutide versus once-daily sitagliptin as an add-on to metformin, thiazolidinediones, or both, in patients with type 2 diabetes (SUSTAIN 2): a 56-week, double-blind, phase 3a, randomised trial",22138587,42888.55659,OHSUFacultyStaff
,201,Br J Neurosurg,3,1,1989,71-9,McCormick PC;Post KD;Kandji AD;Hays AP,Metastatic carcinoma to the pituitary gland.,0268-8697,42905.64181,OHSUResidentFellow
10.3109/21681805.2015.1082147,202,Scand J Urol,50,1,2016,93-4,Mainwaring A;Stephenson BM;Carter AC,Is a sublay prophylactic mesh a necessary prerequisite to pr,2168-1805,42571.46396,OHSUStudent
10.1089/sur.2015.194,203,Surg Infect (Larchmt),17,2,2016,224-8,Knox MC;Edye M,Educational Antimicrobial Stewardship Intervention Ineffecti,1096-2964,42792.83372,OHSUFacultyStaff
10.1016/S0165-0327(03)00199-X,204,J Affect Disord,81,1,2004,55-9,Poór V;Juricskay S;Gáti A;Osváth P;Tényi T,Urinary steroid metabolites and 11beta-hydroxysteroid dehydr,0165-0327,42702.46365,NonOHSU
10.1638/2015-0174.1,204,J Zoo Wildl Med,47,3,2016,868-871,Egelund EF;Isaza R;Alsultan A;Peloquin CA,ISONIAZID AND RIFAMPIN PHARMACOKINETICS IN TWO ASIAN ELEPHAN,1042-7260,42898.51234,NonOHSU
,204,Med Chem,11,7,2015,618-28,Rasool M;Malik A;Manan A;Arooj M;Qazi MH;Kamal MA;Sheikh IA;,Roles of Natural Compounds from Medicinal Plants in Cancer T,1875-6638,42767.69964,OHSUStudent
10.1515/JPM.2004.059,205,J Perinat Med,32,4,2004,320-2,Jakobi P;Solt I;Weissman A,A 2 hour versus the 3 hour 100 g glucose tolerance test for ,0300-5577 ,42789.65403,OHSUFacultyStaff
10.1159/000170393,205,Neuropsychobiology,58,3-4,2008,123-7,Kähkönen S;Bondarenko BB;Lipsanen J;Zvartau EE,"Effects of verapamil, an antagonist of L-type calcium channe",0302-282X,42836.49817,OHSUStudent
10.1016/j.trecan.2016.10.002,205,Trends in Cancer,Volume 2,Issue 11,2016,664-675,"Reichman, H, Karo-Atar, D",Emerging Roles for Eosinophils in the Tumor Microenvironment,,42711.65204,OHSUFacultyStaff
,208,J Am Pharm Assoc (Wash),40,4,2000,525-37,Desai HD;Jann MW,Major depression in women: a review of the literature.,1086-5802,42650.67907,NonOHSU
10.1177/00957984980243001,209,The journal of black psychology,24,3,1998,269-288,utsey,Assessing the Stressful Effects of Racism: A Review of Instrumentation,0095-7984,42572.70388,OHSUStudent
10.1016/S2213-8587(15)00044-3,210,The Lancet Diabetes,3,5,2015,356-66,"Udell, Jacob A",Glucose-lowering drugs or strategies and cardiovascular outcomes in patients with or at risk for type 2 diabetes: a meta-analysis of randomised controlled trials,22138587,42740.59154,OHSUFacultyStaff
10.1515/cclm-2016-0041,212,Clinical chemistry and laboratory medicine.,922,,2016,1437-4331,,Evaluation of the hypochromic erythrocyte and reticulocyte hemoglobin content provided by the Sysmex XE-5000 analyzer in diagnosis of iron deficiency erythropoiesis.,1434-6621,42642.87814,OHSUFacultyStaff
,212,Notarzt,31,1 Supplement 03,2015,25-31,"Helm, M",Quality of prehospital injury assessment in entrapped road traffic accident victims-a retrospective study [Notärztliche Diagnosequalität bei eingeklemmten Verkehrsunfallopfern-eine retrospektive Erhebung],0177-2309 ,42815.56895,OHSUFacultyStaff
,213,Forensic Sci Med Pathol,,,2016,,Schwender K;Holtkötter H;Johann KS;Glaub A;Schürenkamp M;Sib,Sudden infant death syndrome: exposure to cigarette smoke le,1556-2891,42650.78792,OHSUFacultyStaff
,214,Arch Ital Otol Rinol Laringol,64,3,1953,287-96,LECCO V,[Probable modification of the lymphatic fissures of the wall,0004-0258 ,42887.82293,OHSUStudent
10.1016/j.cvfa.2010.10.007,215,Vet Clin North Am Food Anim Pract,6,3,1990,759-78,Ewing KK,Anesthesia techniques in sheep and goats.,0749-0720,42676.56855,OHSUResidentFellow
10.1016/S0140-6736(15)00817-X,217,Lancet,387,10022,2016,968-77,Yao JC;Fazio N;Singh S;Buzzoni R;Carnaghi C;Wolin E;Tomasek ,"Everolimus for the treatment of advanced, non-functional neu",0140-6736,42641.73743,NonOHSU
,219,Undersea Hyperb Med,34,2,2007,69-74,Bennett M;Newton H,Hyperbaric oxygen therapy and cerebral palsy--where to now?,1066-2936 ,42653.75074,OHSUFacultyStaff
10.1159/000440798,220,Cardiology,133,2,2016,69-72,Serebruany VL;Fortmann SD;Kim MH,Should the Dose of Antiplatelet Drugs Be Adjusted for Body W,0008-6312,42850.81429,OHSUFacultyStaff
10.1080/02650533.2015.1132686,220,Journal of social work practice.,31,1,2017,67,Walsh,Schizotypal personality disorder: A clinical social work perspective.,0265-0533,42902.58126,OHSUFacultyStaff
,220,WMJ,97,5,1998,23-7,Ryan C;Madalon M;Wortham DW;Graziano FM,Sulfa hypersensitivity in patients with HIV infection: onset,1098-1861,42893.02039,OHSUResidentFellow
10.1007/BF03348769,221,J Endocrinol Invest,15,6,1992,443-52,Ambrosi B;Colombo P;Bochicchio D;Bassetti M;Masini B;Faglia ,The silent corticotropinoma: is clinical diagnosis possible?,0391-4097,42626.86644,OHSUFacultyStaff
10.2519/jospt.2016.0609,222,J Orthop Sports Phys Ther,46,11,2016,932-937,O'Sullivan P;Caneiro JP;O'Keeffe M;O'Sullivan K,Unraveling the Complexity of Low Back Pain.,0190-6011 ,42691.63979,OHSUFacultyStaff
10.1007/s12013-011-9280-7,223,Cell Biochem Biophys,62,1,2012,185-91,Pan Q;Yang XJ;Wang HM;Dong XT;Wang W;Li Y;Li JM,Chemoresistance to temozolomide in human glioma cell line U2,1085-9195,42674.50002,OHSUFacultyStaff
10.1517/14740338.2014.925444,224,Expert Opin Drug Saf,13,7,2014,919-34,Paquin AM;Zimmerman K;Rudolph JL,Risk versus risk: a review of benzodiazepine reduction in ol,1474-0338,42872.74594,OHSUFacultyStaff
,224,Organizational behavior and human decision processes.,50,2,1991,179-211,Icek Ajzen,Organizational Behavior and Human Decision Processes,0749-5978,42888.70774,OHSUStudent
,226,Adv Exp Med Biol,618,,2007,159-68,Dada LA;Sznajder JI,Hypoxic inhibition of alveolar fluid reabsorption.,0065-2598,42912.07641,OHSUStudent
10.2217/imt.16.10,226,Immunotherapy,8,8,2016,971-81,Shen D;Liu ZH;Xu JN;Xu F;Lin QF;Lin F;Mao WD,Efficacy of adoptive cellular therapy in patients with gastr,1750-743X,42640.7099,NonOHSU
,226,Innovations in digital research methods /,12,,2015,271-296,"Halfpenny, P",Ethical Praxis in Digital Social Research,9781446203095,42842.53832,OHSUFacultyStaff
,227,WHO classification of tumours of haematopoietic and lymphoid tissues /,pg 240-41,,2008,240-41,,Primary diffuse large B-cell lymphoma of the CNS,,42605.75743,OHSUFacultyStaff
,228,Behav Healthc Tomorrow,5,4,1996,67-9,Britain CS,Making the connection in rural mental health.,1063-8490,42815.7099,OHSUFacultyStaff
10.3233/BIR-2012-0597,228,Biorheology,48,5,2011,247-61,Nebelung S;Gavenis K;Rath B;Tingart M;Ladenburger A;Stoffel ,Continuous cyclic compressive loading modulates biological a,1878-5034,42819.51693,OHSUStudent
10.1053/j.semdp.2015.10.006,228,Semin Diagn Pathol,33,3,2016,122-32,Kheir WJ;Tetzlaff MT;Pfeiffer ML;Mulay K;Ozgur O;Morrell G;E,"Epithelial, non-melanocytic and melanocytic proliferations o",0740-2570,42763.86112,OHSUFacultyStaff
10.1159/000438674,229,Psychother Psychosom,85,1,2016,56-7,Tomba E;Tecuta L;Guidi J;Grandi S;Rafanelli C,Demoralization and Response to Psychotherapy: A Pilot Study ,1423-0348,42812.006,OHSUFacultyStaff
,231,Tex Med,92,1,19961,54-7,Mazur LJ;Moyer VA;Lally PA;Chan W,"Evaluation of a lead screening program in Houston, Tex.",0040-4470,42873.74795,OHSUFacultyStaff
,233,Acta Orthop Belg,74,5,200810,627-9,Faraj AA,Non-operative treatment of elderly patients with femoral nec,0001-6462,42722.41106,OHSUFacultyStaff
,233,Curr Alzheimer Res,10,10,2013,1034-40,Bruggink KA;Kuiperij HB;Claassen JA;Verbeek MM,The diagnostic value of CSF amyloid-β(43) in differentiation,1875-5828,42874.56341,OHSUFacultyStaff
,233,Curr Neurovasc Res,12,2,2015,163-72,Siniscalchi A;Bonci A;Mercuri NB;De Siena A;De Sarro G;Malfe,Cocaine dependence and stroke: pathogenesis and management.,1567-2026 ,42558.84525,OHSUStudent
,233,Ind Health,45,5,2007,622-36,Gershon RR;Stone PW;Zeltser M;Faucett J;MacDavitt K;Chou SS,Organizational climate and nurse health outcomes in the Unit,0019-8366,42808.53921,OHSUStudent
10.1177/104973159600600112,233,Research on social work practice,6,1,1996,122,"Gingerich, S L",Research-Based Family Interventions for the Treatment of Schizophrenia,1049-7315,42573.69207,OHSUFacultyStaff
10.1080/14739879.2015.1106085,234,Educ Prim Care,27,2,2016,98-105,Magin PJ;Morgan S;Tapley A;Davis JS;McArthur L;Henderson KM;,Reducing general practice trainees' antibiotic prescribing f,1473-9879,42556.61288,OHSUFacultyStaff
,235,Telemed Virtual Real,3,,1997,134,,Army tests battlefield medical systems,1089-5841 ,42815.71792,OHSUFacultyStaff
10.1007/s11934-016-0619-x,238,Curr Urol Rep,17,9,2016,63,Tsui JF;Dixon CM,Urolift: a New Face of Minimally Invasive Surgical Technique,1527-2737,42821.73947,NonOHSU
10.2217/epi-2016-0037,239,Epigenomics,8,9,2016,1185-92,Kim S;Eliot M;Koestler DC;Houseman EA;Wetmur JG;Wiencke JK;K,Enlarged leukocyte referent libraries can explain additional,1750-1911,42654.70867,OHSUFacultyStaff
10.3109/10428194.2012.737917,239,Leuk Lymphoma,54,4,2013,760-6,Macdonald DA;Assouline SE;Brandwein J;Kamel-Reid S;Eisenhaue,A phase I/II study of sorafenib in combination with low dose,1042-8194,42641.73752,NonOHSU
,239,The datafied society : studying culture through data /,"Unknown, pages 201-209",,2017,201-209,"Markham, A. N., & Buchanan, E",Research ethics in context: Decision-making in digital research,,42833.82623,OHSUFacultyStaff
,240,Curr Diab Rep,5,4,2005,272-7,Strehlow SL;Mestman JH,Prevention of T2DM in women with a previous history of GDM.,1534-4827 ,42789.80057,OHSUFacultyStaff
,240,J R Nav Med Serv,100,3,2014,252-8,Minshall D,Gulf War Syndrome: a review of current knowledge and underst,0035-9033,42656.52806,OHSUStudent
10.1016/S1470-2045(15)00542-2,240,Lancet Oncol,17,3,2016,345-56,Untch M;Jackisch C;Schneeweiss A;Conrad B;Aktas B;Denkert C;,Nab-paclitaxel versus solvent-based paclitaxel in neoadjuvan,1470-2045,42757.60096,NonOHSU
10.1038/nature19098,240,Nature,536,7616,2016,349-353,Jacques DA;McEwan WA;Hilditch L;Price AJ;Towers GJ;James LC,HIV-1 uses dynamic capsid pores to import nucleotides and fu,0028-0836,42604.52744,NonOHSU
,241,Eur J Dermatol,24,3,2014,361-4,Kinyó Á;Nagy N;Oláh J;Kemény L;Bata-Csörgő Z,Ulcus vulvae acutum Lipschütz in two young female patients.,1952-4013,42873.61024,OHSUFacultyStaff
10.1016/j.ejca.2015.10.063,242,Eur J Cancer,52,,2016,138-54,Pizot C;Boniol M;Mullie P;Koechlin A;Boniol M;Boyle P;Autier,"Physical activity, hormone replacement therapy and breast ca",0959-8049,42765.52662,NonOHSU
10.1016/S2215-0366(16)00104-8,243,Lancet Psychiatry,3,8,2016,760-73,Koob GF;Volkow ND,Neurobiology of addiction: a neurocircuitry analysis.,2215-0366,42765.64852,OHSUFacultyStaff
,245,J Gerontol,48 Spec No,,1993,3-10,Guralnik JM;Simonsick EM,Physical disability in older Americans.,1079-5006,42854.60933,OHSUFacultyStaff
10.1080/17437199.2013.802623,246,Health psychology review.,8,3,2014,253-69,"Jones, Christina Jane",Evaluating the effectiveness of health belief model interventions in improving adherence: a systematic review.,1743-7202,42748.78216,OHSUStudent
,246,Med J Aust,203,7,2015,286,Finnane AR;Siller G;Soyer HP,Teledermatologists' management of emergency skin conditions.,0025-729X ,42815.70102,OHSUFacultyStaff
,246,World J Biol Psychiatry,13,1,2012,30-8,Riedel M;Mayr A;Seemüller F;Maier W;Klingberg S;Heuser I;Klo,Depressive symptoms and their association with acute treatme,1562-2975,42557.65839,OHSUFacultyStaff
,247,Pa Dent J (Harrisb),75,6,2008,25-8,Shelton JW;Smithgall FJ,So you want to be a dentist? An investigative report.,0031-4439,42773.82527,OHSUFacultyStaff
10.1155/2003/786531,248,Canadian Respiratory Journal,Vol.10(8),,2003,449-451,"Sandrini, Alessandra",Diffuse panbronchiolitis in a Caucasian man in Canada.,1205-9838 ,42789.86682,OHSUResidentFellow
,249,Wien Klin Wochenschr,114,15-16,2002,678-84,Nicolakis P;Kollmitzer J;Crevenna R;Bittner C;Erdogmus CB;Ni,Pulsed magnetic field therapy for osteoarthritis of the knee,0043-5325,42873.6247,OHSUFacultyStaff
10.3851/IMP2667,250,Antivir Ther,18,7,2013,905-13,Moyle GJ;Stellbrink HJ;Compston J;Orkin C;Arribas JR;Domingo,96-Week results of abacavir/lamivudine versus tenofovir/emtr,2040-2058,42843.58528,OHSUFacultyStaff
10.1016/j.jaip.2016.09.024,250,J Allergy Clin Immunol Pract,5,3,2017,771-778,Vahdaninia M;Mackenzie H;Helps S;Dean T,Prenatal Intake of Vitamins and Allergic Outcomes in the Off,2213-2201,42884.74037,OHSUStudent
10.14283/jfa.2016.81,250,J Frailty Aging,5,1,2016,62-70,Woodhouse L;Gandhi R;Warden SJ;Poiraudeau S;Myers SL;Benson ,A Phase 2 Randomized Study Investigating the Efficacy and Sa,2260-1341,42695.54148,OHSUFacultyStaff
10.1007/s00101-006-1114-4,253,Anaesthesist,56,2,2007,"145-8,",Lienhart HG;Wenzel V;Braun J;Dörges V;Dünser M;Gries A;Hasib,[Vasopressin for therapy of persistent traumatic hemorrhagic,0003-2417,42815.61262,OHSUFacultyStaff
10.2166/wst.2008.734,253,Water Sci Technol,58,6,2008,1329-34,Erdal UG;Erdal ZK;Daigger GT;Randall CW,Is it PAO-GAO competition or metabolic shift in EBPR system?,0273-1223,42870.77368,OHSUStudent
,254,Binocul Vis Strabolog Q Simms Romano,28,1,2013,36-8,Crawford C,Retinitis pigmentosa and granular dystrophy: a rare and uniq,2160-5351,42642.82227,OHSUFacultyStaff
,254,Parasitology,91 , Pt 1)(,1985,129-43,Lawson JR;Gemmell MA,The potential role of blowflies in the transmission of taeni,0031-1820,42801.63251,OHSUStudent
10.1080/15350770.2014.869981,256,Journal of Intergenerational Relationships,12,1,2014,54,Biggs ,Lessons Learned from an Intergenerational Volunteer Program: A Case Study of a Shared-Site Model.,1535-0770,42552.73672,OHSUStudent